Allen, Mary Jo, 1/1/2016,450
Gabrys, Elizabeth, 1/1/2016,555
Bashir, Atef, 1/1/2016,635
Gomez, Paola, 1/1/2016,845
McAllister, Lex, 1/1/2016,925
Allen, Mary Jo, 2/1/2016,750
Gabrys, Elizabeth, 2/1/2016,635
Bashir, Atef, 2/1/2016,575
Gomez, Paola, 2/1/2016,435
McAllister, Lex, 2/1/2016,650
Allen, Mary Jo, 3/1/2016,875
Gabrys, Elizabeth, 3/1/2016,765
Bashir, Atef, 3/1/2016,655
Gomez, Paola, 3/1/2016,535
McAllister, Lex, 3/1/2016,485
Gabrys, Elizabeth, 4/1/2016,765
Bashir, Atef, 4/1/2016,655
Gomez, Paola, 4/1/2016,535
McAllister, Lex, 4/1/2016,485
Gabrys, Elizabeth, 5/1/2016,765
Bashir, Atef, 5/1/2016,655
Gomez, Paola, 5/1/2016,535
McAllister, Lex, 5/1/2016,485
Gabrys, Elizabeth, 6/1/2016,765
Bashir, Atef, 6/1/2016,655
Gomez, Paola, 6/1/2016,535
McAllister, Lex, 6/1/2016,485
